Name,Description,Technologies
Matthew White,"I'm a data scientist with a background in machine learning and deep learning. I've worked on projects involving natural language processing, computer vision, and recommendation systems using Python and TensorFlow.","Python, TensorFlow, machine learning, deep learning"
John Taylor,I'm a Java developer with a passion for backend development. I've worked extensively with Spring Boot and Hibernate to build scalable and performant RESTful APIs.,"Python, TensorFlow, machine learning, deep learning"
Lily King,"I'm a full-stack developer with 5 years of experience in web development. I've worked on both front-end and back-end technologies, including HTML/CSS, JavaScript, React, Node.js, and MongoDB.","Cybersecurity, penetration testing, Kali Linux, Wireshark, Metasploit"
Laura Martin,I specialize in mobile app development using Swift and Kotlin. I've developed apps for iOS and Android platforms and have a strong understanding of mobile UX/UI design.,"Ruby on Rails, PostgreSQL, RESTful API design"
Ava Walker,"I'm a Python developer with expertise in data analysis and visualization. I've used libraries like Pandas, Matplotlib, and Seaborn to analyze and present data effectively.","Python, Pandas, Matplotlib, Seaborn"
Isabella Harris,"I'm a DevOps engineer experienced in building and managing CI/CD pipelines, containerization with Docker and Kubernetes, and cloud services like AWS and Azure.","DevOps, CI/CD, Docker, Kubernetes, AWS, Azure"
Emma Clark,I specialize in mobile app development using Swift and Kotlin. I've developed apps for iOS and Android platforms and have a strong understanding of mobile UX/UI design.,"HTML/CSS, JavaScript, React, Node.js, MongoDB"
Matthew White,"I'm a full-stack developer with 5 years of experience in web development. I've worked on both front-end and back-end technologies, including HTML/CSS, JavaScript, React, Node.js, and MongoDB.","Swift, Kotlin, iOS, Android"
Laura Martin,"I'm a front-end developer with proficiency in modern JavaScript frameworks like Angular and Vue.js. I'm also skilled in HTML5, CSS3, and responsive web design.","Cybersecurity, penetration testing, Kali Linux, Wireshark, Metasploit"
Charles Wright,I specialize in mobile app development using Swift and Kotlin. I've developed apps for iOS and Android platforms and have a strong understanding of mobile UX/UI design.,"Python, Pandas, Matplotlib, Seaborn"
John Taylor,"I'm a Python developer with expertise in data analysis and visualization. I've used libraries like Pandas, Matplotlib, and Seaborn to analyze and present data effectively.","HTML/CSS, JavaScript, React, Node.js, MongoDB"
Mia Rodriguez,I specialize in mobile app development using Swift and Kotlin. I've developed apps for iOS and Android platforms and have a strong understanding of mobile UX/UI design.,"Swift, Kotlin, iOS, Android"
Lisa Hall,"I'm a front-end developer with proficiency in modern JavaScript frameworks like Angular and Vue.js. I'm also skilled in HTML5, CSS3, and responsive web design.","Python, TensorFlow, machine learning, deep learning"
Joseph Lewis,I specialize in mobile app development using Swift and Kotlin. I've developed apps for iOS and Android platforms and have a strong understanding of mobile UX/UI design.,"Python, TensorFlow, machine learning, deep learning"
John Doe,"I'm a cybersecurity enthusiast with expertise in penetration testing and ethical hacking. I'm well-versed in tools like Kali Linux, Wireshark, and Metasploit.","C++, Unity, Unreal Engine, 3D graphics"
David Hall,I'm a C++ developer with experience in game development using Unity and Unreal Engine. I've worked on interactive 3D graphics and gameplay programming.,"Python, TensorFlow, machine learning, deep learning"
Joseph Lewis,I'm a Ruby on Rails developer with a focus on building web applications with a clean and maintainable codebase. I'm also familiar with PostgreSQL and RESTful API design.,"C++, Unity, Unreal Engine, 3D graphics"
Michael Wilson,"I'm a data scientist with a background in machine learning and deep learning. I've worked on projects involving natural language processing, computer vision, and recommendation systems using Python and TensorFlow.","HTML/CSS, JavaScript, React, Node.js, MongoDB"
Isabella Harris,"I'm a cybersecurity enthusiast with expertise in penetration testing and ethical hacking. I'm well-versed in tools like Kali Linux, Wireshark, and Metasploit.","Cybersecurity, penetration testing, Kali Linux, Wireshark, Metasploit"
John Anderson,"I'm a front-end developer with proficiency in modern JavaScript frameworks like Angular and Vue.js. I'm also skilled in HTML5, CSS3, and responsive web design.","Swift, Kotlin, iOS, Android"
Emily Davis,I specialize in mobile app development using Swift and Kotlin. I've developed apps for iOS and Android platforms and have a strong understanding of mobile UX/UI design.,"HTML/CSS, JavaScript, React, Node.js, MongoDB"
Benjamin Green,I'm a Java developer with a passion for backend development. I've worked extensively with Spring Boot and Hibernate to build scalable and performant RESTful APIs.,"Ruby on Rails, PostgreSQL, RESTful API design"
Joseph Lewis,"I'm a cybersecurity enthusiast with expertise in penetration testing and ethical hacking. I'm well-versed in tools like Kali Linux, Wireshark, and Metasploit.","JavaScript, Angular, Vue.js, HTML5, CSS3"
Zoe Baker,I'm a C++ developer with experience in game development using Unity and Unreal Engine. I've worked on interactive 3D graphics and gameplay programming.,"HTML/CSS, JavaScript, React, Node.js, MongoDB"
James Martinez,I'm a C++ developer with experience in game development using Unity and Unreal Engine. I've worked on interactive 3D graphics and gameplay programming.,"JavaScript, Angular, Vue.js, HTML5, CSS3"
Sarah Brown,I'm a Java developer with a passion for backend development. I've worked extensively with Spring Boot and Hibernate to build scalable and performant RESTful APIs.,"C++, Unity, Unreal Engine, 3D graphics"
Robert Lee,"I'm a data scientist with a background in machine learning and deep learning. I've worked on projects involving natural language processing, computer vision, and recommendation systems using Python and TensorFlow.","Ruby on Rails, PostgreSQL, RESTful API design"
Charles Wright,"I'm a Python developer with expertise in data analysis and visualization. I've used libraries like Pandas, Matplotlib, and Seaborn to analyze and present data effectively.","JavaScript, Angular, Vue.js, HTML5, CSS3"
Benjamin Green,I'm a C++ developer with experience in game development using Unity and Unreal Engine. I've worked on interactive 3D graphics and gameplay programming.,"Java, Spring Boot, Hibernate"
Sophia Scott,I'm a Ruby on Rails developer with a focus on building web applications with a clean and maintainable codebase. I'm also familiar with PostgreSQL and RESTful API design.,"JavaScript, Angular, Vue.js, HTML5, CSS3"
